compound,smiles,match_tier,db_E,db_S,db_A,db_B,db_L
Acetanilide,CC(=O)Nc1ccccc1,exact,0.9,1.37,0.48,0.67,5.57
Acetophenone,CC(=O)c1ccccc1,exact,0.818,1.01,0,0.48,4.501
4-Aminobenzonitrile,Nc1ccc(C#N)cc1,exact,1.087,1.78,0.4,0.44,5.639
Anisole,COc1ccccc1,exact,0.708,0.75,0,0.29,3.89
Benzamide,NC(=O)c1ccccc1,exact,0.99,1.34,0.51,0.69,5.181
Benzaldehyde,O=Cc1ccccc1,exact,0.82,1,0,0.39,4.008
Benzene,c1ccccc1,exact,0.61,0.52,0,0.14,2.786
Benzenesulfonamide,NS(=O)(=O)c1ccccc1,exact,1.13,1.04,0.43,1.02,5.468
Benzofuran,c1ccc2occc2c1,exact,0.888,0.88,0,0.13,4.242
Benzonitrile,N#Cc1ccccc1,exact,0.742,1.11,0,0.33,4.039
Benzophenone,O=C(c1ccccc1)c1ccccc1,exact,1.37,1.34,0,0.5,7.254
Benzyl alcohol,OCc1ccccc1,exact,0.803,0.93,0.32,0.57,4.276
Benzyl benzoate,O=C(OCc1ccccc1)c1ccccc1,exact,1.264,1.35,0,0.53,7.858
Biphenyl,c1ccc(-c2ccccc2)cc1,exact,1.36,0.99,0,0.26,6.014
2-Bromoacetophenone,O=C(CBr)c1ccccc1,exact,1.059,1.44,0,0.44,6
1-Bromonaphthalene,Brc1cccc2ccccc12,exact,1.598,1.13,0,0.13,6.682
3-Bromophenol,Oc1cccc(Br)c1,exact,1.06,1.13,0.7,0.16,5.144
Butan-2-one,CCC(C)=O,exact,0.166,0.7,0,0.51,2.287
Butyrophenone,CCCC(=O)c1ccccc1,exact,0.797,0.95,0,0.51,5.343
Caffeine,Cn1cnc2c1c(=O)n(C)c(=O)n2C,exact,1.5,1.82,0.08,1.25,7.838
1-Chloronaphthalene,Clc1cccc2ccccc12,exact,1.417,1,0,0.14,5.856
4-Chlorophenol,Oc1ccc(Cl)cc1,exact,0.915,1.08,0.67,0.2,4.775
Cinnamyl alcohol,OC/C=C/c1ccccc1,skeleton,1.09,1.04,0.38,0.6,5.659
Coumarin,O=c1ccc2ccccc2o1,exact,1.23,1.68,0,0.52,6.019
4-Cyanophenol,Oc1ccc(C#N)cc1,exact,0.94,1.63,0.8,0.29,5.42
Cyclohexanone,O=C1CCCCC1,exact,0.403,0.86,0,0.56,3.792
"1,3-Dibromobenzene",Brc1cccc(Br)c1,exact,1.17,0.88,0,0.04,5.262
Di-n-butyl phthalate,CCCCOC(=O)c1ccccc1C(=O)OCCCC,exact,0.695,1.27,0,0.95,8.97
Diethyl phthalate,CCOC(=O)c1ccccc1C(=O)OCC,exact,0.729,1.26,0,0.9,7.214
"2,6-Dimethylphenol",Cc1cccc(C)c1O,exact,0.84,0.79,0.39,0.38,4.68
Diphenyl ether,O(c1ccccc1)c1ccccc1,exact,1.216,1.08,0,0.2,6.287
Ethylbenzene,CCc1ccccc1,exact,0.613,0.51,0,0.15,3.778
Fluorene,C1c2ccccc2-c2ccccc21,exact,1.588,1.06,0,0.25,6.922
Heptan-2-one,CCCCCC(C)=O,exact,0.123,0.68,0,0.51,3.76
Hexanophenone,CCCCCC(=O)c1ccccc1,exact,0.781,0.95,0,0.51,6.44
4-Hydroxybenzaldehyde,O=Cc1ccc(O)cc1,exact,1.01,1.39,0.8,0.44,5.25
4-Hydroxybenzyl alcohol,OCc1ccc(O)cc1,exact,0.998,1.3,0.86,0.79,5.27
Indole,c1ccc2[nH]ccc2c1,exact,1.2,1.26,0.44,0.18,5.31
Iodobenzene,Ic1ccccc1,exact,1.188,0.82,0,0.12,4.502
2-Methoxybenzaldehyde,COc1ccccc1C=O,exact,0.956,1.12,0,0.59,5.3
2-Methoxynaphthalene,COc1ccc2ccccc2c1,exact,1.39,1.13,0,0.33,6.489
Methyl benzoate,COC(=O)c1ccccc1,exact,0.733,0.85,0,0.46,4.704
Methylparaben,COC(=O)c1ccc(O)cc1,exact,0.93,1.46,0.71,0.46,5.914
2-Methylphenol,Cc1ccccc1O,exact,0.84,0.86,0.52,0.3,4.218
4-Methylphenol,Cc1ccc(O)cc1,exact,0.82,0.87,0.57,0.31,4.312
Methyl salicylate,COC(=O)c1ccccc1O,exact,0.85,0.84,0.02,0.47,5.025
Naphthalene,c1ccc2ccccc2c1,exact,1.34,0.92,0,0.2,5.161
2-Naphthaldehyde,O=Cc1ccc2ccccc2c1,exact,1.53,1.74,0,0.4,7.093
1-Naphthol,Oc1cccc2ccccc12,exact,1.52,1.1,0.66,0.34,6.284
2-Naphthol,Oc1ccc2ccccc2c1,exact,1.52,1.08,0.61,0.4,6.2
Nicotinamide,NC(=O)c1cccnc1,exact,1.01,1.27,0.62,0.96,5.06
2-Nitroaniline,Nc1ccccc1[N+](=O)[O-],exact,1.18,1.37,0.3,0.36,5.627
4-Nitroaniline,Nc1ccc([N+](=O)[O-])cc1,exact,1.22,1.92,0.46,0.35,6.042
Nitrobenzene,O=[N+]([O-])c1ccccc1,exact,0.871,1.11,0,0.28,4.557
4-Nitrobenzyl alcohol,OCc1ccc([N+](=O)[O-])cc1,exact,1.064,1.39,0.44,0.62,5.747
1-Nitrohexane,CCCCCC[N+](=O)[O-],exact,0.203,0.95,0,0.29,4.416
4-Nitrotoluene,Cc1ccc([N+](=O)[O-])cc1,exact,0.87,1.11,0,0.28,5.154
2-Nitrophenol,Oc1ccccc1[N+](=O)[O-],exact,1.015,1.05,0.06,0.35,4.778
3-Nitrophenol,Oc1cccc([N+](=O)[O-])c1,exact,1.07,1.45,0.84,0.22,5.356
4-Nitrophenol,Oc1ccc([N+](=O)[O-])cc1,exact,1.07,1.64,0.93,0.21,5.568
Octanophenone,CCCCCCCC(=O)c1ccccc1,exact,0.765,0.95,0,0.5,7.36
Phenanthrene,c1ccc2ccc3ccccc3c2c1,exact,2.055,1.29,0,0.29,7.632
Phenol,Oc1ccccc1,exact,0.805,0.89,0.6,0.3,3.766
Pentafluorophenol,Oc1c(F)c(F)c(F)c(F)c1F,exact,0.36,0.83,0.79,0.09,3.568
Phenyl acetate,CC(=O)Oc1ccccc1,exact,0.661,1.13,0,0.54,4.414
2-Phenylethanol,OCCc1ccccc1,exact,0.811,0.82,0.31,0.66,4.7015
4-Phenylphenol,Oc1ccc(-c2ccccc2)cc1,exact,1.4,1.31,0.61,0.42,7.23
1-Phenyl-2-propanol,CC(O)Cc1ccccc1,exact,0.787,0.9,0.3,0.72,
Phthalimide,O=C1NC(=O)c2ccccc21,exact,1.183,1.63,0.51,0.5,5.864
Progesterone,CC(=O)[C@H]1CC[C@H]2[C@@H]3CCC4=CC(=O)CC[C@]4(C)[C@H]3CC[C@]12C,exact,1.45,3.29,0,1.14,13.27
Propriophenone,CCC(=O)c1ccccc1,exact,0.804,0.95,0,0.48,5.009
Propylbenzene,CCCc1ccccc1,exact,0.604,0.5,0,0.15,4.23
o-Tolualdehyde,Cc1ccccc1C=O,exact,0.87,0.96,0,0.4,4.705
Toluene,Cc1ccccc1,exact,0.601,0.52,0,0.14,3.325
"1,2,3-Trimethylbenzene",Cc1cccc(C)c1C,exact,0.728,0.61,0,0.19,4.565
Valerophenone,CCCCC(=O)c1ccccc1,exact,0.795,0.95,0,0.5,5.9
Vanillin,COc1cc(C=O)ccc1O,exact,0.99,1.3,0.31,0.68,5.727
m-Xylene,Cc1cccc(C)c1,exact,0.623,0.52,0,0.16,3.839
p-Xylene,Cc1ccc(C)cc1,exact,0.613,0.52,0,0.16,3.839
2-Aminobiphenyl,Nc1ccccc1-c1ccccc1,exact,1.6,1.45,0.26,0.44,7.516
Aniline,Nc1ccccc1,exact,0.955,0.96,0.26,0.41,3.934
4-Chloroaniline,Nc1ccc(Cl)cc1,exact,1.06,1.13,0.3,0.31,4.889
"3,4-Dichloroaniline",Nc1ccc(Cl)c(Cl)c1,exact,1.16,1.24,0.35,0.24,5.54
"N, N-Diethylaniline",CCN(CC)c1ccccc1,exact,0.953,0.8,0,0.41,5.287
"N, N-Dimethylaniline",CN(C)c1ccccc1,exact,0.957,0.81,0,0.41,4.701
Diphenylamine,c1ccc(Nc2ccccc2)cc1,exact,1.47,1.13,0.31,0.31,7.094
N-Ethylaniline,CCNc1ccccc1,exact,0.945,0.91,0.15,0.43,4.865
4-Fluoroaniline,Nc1ccc(F)cc1,exact,0.76,1.09,0.28,0.4,4.007
8-Hydroxyquinoline,Oc1cccc2cccnc12,exact,1.4,1.03,0,0.6,5.772
2-Methylaniline,Cc1ccccc1N,exact,0.966,0.92,0.23,0.45,4.442
3-Methylaniline,Cc1cccc(N)c1,exact,0.946,0.98,0.23,0.45,4.68
4-Methylaniline,Cc1ccc(N)cc1,exact,0.923,0.95,0.23,0.45,4.452
Pyridine,c1ccncc1,exact,0.631,0.84,0,0.52,3.022
Quinoline,c1ccc2ncccc2c1,exact,1.268,0.97,0,0.54,5.42
