compound,fold,model,E,S,A,B,L
Benzoic acid,0,0,0.77717,0.89642,0.62286,0.44544,4.94290
Ibuprofen,0,0,0.75458,0.73964,0.59467,0.78902,7.45334
Naproxen,0,0,1.56061,2.00388,0.63635,0.66698,9.44853
Ketoprofen,0,0,1.62725,2.19591,0.56148,0.88129,10.70055
Lidocaine,0,0,1.22534,1.47637,0.08074,1.22204,9.30318
Propranolol,0,0,1.95879,1.47077,0.43644,1.32623,10.77790
Atenolol,0,0,1.55289,1.95937,0.64307,2.08288,10.76802
Imipramine,0,0,1.34813,1.50462,0.02067,1.08208,11.06589
4-Aminobenzoic acid,0,0,1.13315,1.70552,0.97045,0.70608,6.10844
Benzoic acid,0,1,0.73246,0.93234,0.67715,0.44234,4.55963
Ibuprofen,0,1,0.74243,0.77519,0.65464,0.76673,7.22556
Naproxen,0,1,1.49898,1.89531,0.62693,0.69870,9.31323
Ketoprofen,0,1,1.61587,2.30386,0.60781,0.88318,10.72976
Lidocaine,0,1,1.11257,1.52440,0.09891,1.20477,9.21119
Propranolol,0,1,1.85155,1.42334,0.46960,1.38121,10.84216
Atenolol,0,1,1.49320,1.95186,0.67777,2.06296,11.07595
Imipramine,0,1,1.30365,1.48503,0.00467,1.04374,10.89244
4-Aminobenzoic acid,0,1,1.08949,1.82207,1.05835,0.71872,6.26635
Benzoic acid,0,2,0.78576,0.93997,0.68446,0.45326,4.75620
Ibuprofen,0,2,0.73922,0.85553,0.64068,0.79893,7.37307
Naproxen,0,2,1.44268,1.98522,0.61710,0.68632,9.09384
Ketoprofen,0,2,1.63405,2.31907,0.61218,0.90408,10.45238
Lidocaine,0,2,1.19844,1.60086,0.08721,1.22382,9.34625
Propranolol,0,2,1.83433,1.47098,0.45089,1.34370,10.61819
Atenolol,0,2,1.55620,1.98708,0.65578,2.07753,11.11529
Imipramine,0,2,1.31357,1.54320,0.01011,1.06823,10.86358
4-Aminobenzoic acid,0,2,1.17279,1.72441,1.03350,0.68667,5.90113
Benzoic acid,0,3,0.82664,0.89044,0.62923,0.46788,4.93314
Ibuprofen,0,3,0.78606,0.83024,0.62078,0.79615,7.47197
Naproxen,0,3,1.58764,2.02526,0.59058,0.71288,9.45283
Ketoprofen,0,3,1.74659,2.27223,0.56658,0.89539,10.65671
Lidocaine,0,3,1.15452,1.59941,0.10675,1.22555,9.52239
Propranolol,0,3,1.94173,1.48448,0.42037,1.32593,10.81897
Atenolol,0,3,1.50358,1.94888,0.62734,2.05991,11.14750
Imipramine,0,3,1.32423,1.53465,-0.00799,1.04785,10.69242
4-Aminobenzoic acid,0,3,1.21306,1.74956,0.96690,0.68078,6.31632
Benzoic acid,0,4,0.78240,0.93009,0.67525,0.47122,5.01872
Ibuprofen,0,4,0.80376,0.86278,0.64534,0.83895,7.85435
Naproxen,0,4,1.58985,1.96367,0.62045,0.72211,9.40947
Ketoprofen,0,4,1.73257,2.29118,0.63496,0.92943,10.94795
Lidocaine,0,4,1.17772,1.57339,0.07658,1.26779,9.40592
Propranolol,0,4,1.89663,1.37335,0.45813,1.39568,10.58736
Atenolol,0,4,1.51952,1.98373,0.63355,2.09755,11.19498
Imipramine,0,4,1.35151,1.44528,0.00594,1.09494,10.93782
4-Aminobenzoic acid,0,4,1.11047,1.65318,1.08206,0.75236,6.53215
Benzoic acid,1,0,0.81078,0.99333,0.70420,0.47201,4.94426
Ibuprofen,1,0,0.76894,0.75610,0.64081,0.74954,7.40374
Naproxen,1,0,1.58213,1.52079,0.50689,0.73727,9.66435
Ketoprofen,1,0,1.68898,2.34176,0.61401,0.85144,10.93161
Lidocaine,1,0,1.17275,1.58024,0.10453,1.25695,9.43614
Propranolol,1,0,1.93570,1.40998,0.51135,1.34466,11.17389
Atenolol,1,0,1.54614,2.05645,0.71470,2.12982,11.33100
Imipramine,1,0,1.33827,1.60304,-0.01846,0.97845,11.05507
4-Aminobenzoic acid,1,0,1.08692,1.82226,1.04822,0.66038,6.12118
Benzoic acid,1,1,0.85972,0.98432,0.65879,0.47014,4.73280
Ibuprofen,1,1,0.82799,0.89531,0.63251,0.79847,7.67097
Naproxen,1,1,1.74165,1.47716,0.54649,0.84588,9.39815
Ketoprofen,1,1,1.72368,2.36187,0.61654,0.96641,10.95464
Lidocaine,1,1,1.20064,1.48734,0.09215,1.26464,9.52181
Propranolol,1,1,1.81706,1.48110,0.41948,1.37879,10.78603
Atenolol,1,1,1.52788,2.07864,0.66117,2.16824,11.38062
Imipramine,1,1,1.27982,1.51915,0.01639,1.12088,10.88497
4-Aminobenzoic acid,1,1,1.22424,1.76975,0.94392,0.67365,6.28959
Benzoic acid,1,2,0.82853,0.93126,0.65645,0.47250,5.08511
Ibuprofen,1,2,0.81170,0.87326,0.62163,0.82316,7.85287
Naproxen,1,2,1.76459,1.68923,0.56803,0.85900,9.63049
Ketoprofen,1,2,1.68594,2.21846,0.61483,0.96081,10.84173
Lidocaine,1,2,1.13559,1.56342,0.10643,1.27310,9.60036
Propranolol,1,2,1.91241,1.47287,0.46540,1.41632,11.11679
Atenolol,1,2,1.51312,2.00751,0.71491,2.13800,11.46344
Imipramine,1,2,1.34002,1.50156,0.00922,1.11436,11.25903
4-Aminobenzoic acid,1,2,1.21139,1.68267,0.97921,0.72017,6.84613
Benzoic acid,1,3,0.82651,0.93356,0.63978,0.44247,5.04878
Ibuprofen,1,3,0.83273,0.79144,0.63065,0.79897,7.94795
Naproxen,1,3,1.66884,1.57475,0.56424,0.81799,9.56578
Ketoprofen,1,3,1.68964,2.29071,0.56559,0.90098,10.93475
Lidocaine,1,3,1.22445,1.63847,0.12610,1.29246,9.84228
Propranolol,1,3,1.91218,1.43337,0.49938,1.38617,11.16827
Atenolol,1,3,1.48718,1.95825,0.67846,2.06832,11.15051
Imipramine,1,3,1.34751,1.52051,0.02451,1.11346,11.27914
4-Aminobenzoic acid,1,3,1.16377,1.74193,0.94192,0.63723,6.44353
Benzoic acid,1,4,0.73168,0.90491,0.69563,0.45545,4.91962
Ibuprofen,1,4,0.71294,0.78906,0.68192,0.81861,7.64591
Naproxen,1,4,1.65220,1.51509,0.52850,0.79830,9.22227
Ketoprofen,1,4,1.69369,2.31774,0.66262,0.90568,10.79598
Lidocaine,1,4,1.13458,1.54446,0.10717,1.24937,9.30453
Propranolol,1,4,1.86522,1.50288,0.43263,1.39554,10.74678
Atenolol,1,4,1.56640,2.02389,0.63752,2.12695,11.18077
Imipramine,1,4,1.29087,1.59535,0.02515,1.02738,10.87649
4-Aminobenzoic acid,1,4,1.08571,1.76291,0.94980,0.61067,6.25743
Benzoic acid,2,0,0.83726,0.91130,0.67939,0.51750,4.45372
Ibuprofen,2,0,0.70046,0.77626,0.67622,0.78503,7.46448
Naproxen,2,0,1.48965,2.00380,0.64158,0.70527,9.31369
Ketoprofen,2,0,1.66064,2.22231,0.63942,0.89219,10.70261
Lidocaine,2,0,1.08506,1.59932,0.09708,1.21362,9.41635
Propranolol,2,0,1.82671,1.45484,0.47613,1.37904,10.72449
Atenolol,2,0,1.46831,1.93212,0.67275,2.12567,11.01016
Imipramine,2,0,1.90207,1.49410,0.03498,1.04639,11.59811
4-Aminobenzoic acid,2,0,1.11074,1.63186,1.06548,0.71790,6.05712
Benzoic acid,2,1,0.77695,0.91990,0.66075,0.54264,4.74257
Ibuprofen,2,1,0.73255,0.71228,0.63502,0.81526,7.57939
Naproxen,2,1,1.50297,1.89017,0.61669,0.70458,9.39544
Ketoprofen,2,1,1.61704,2.20568,0.59297,0.90165,10.85331
Lidocaine,2,1,1.06893,1.51276,0.10062,1.29000,9.32234
Propranolol,2,1,1.92962,1.43289,0.49890,1.35770,11.02035
Atenolol,2,1,1.49174,1.94626,0.68779,2.12116,11.06203
Imipramine,2,1,1.82981,1.45975,-0.00563,1.06209,11.97992
4-Aminobenzoic acid,2,1,1.08455,1.66113,0.97071,0.69820,6.16275
Benzoic acid,2,2,0.81658,0.99233,0.67236,0.52777,4.51043
Ibuprofen,2,2,0.75144,0.82456,0.65445,0.80399,7.46429
Naproxen,2,2,1.55439,2.02512,0.65605,0.69097,9.43029
Ketoprofen,2,2,1.68001,2.21775,0.62871,0.89299,10.69698
Lidocaine,2,2,1.13261,1.53587,0.10625,1.25247,9.26905
Propranolol,2,2,1.98287,1.35218,0.51339,1.36153,10.90801
Atenolol,2,2,1.53169,1.84402,0.64719,2.08713,10.99170
Imipramine,2,2,1.91475,1.42849,0.02218,1.09042,11.41730
4-Aminobenzoic acid,2,2,1.10529,1.71076,0.96243,0.67653,5.90729
Benzoic acid,2,3,0.92363,1.00303,0.71230,0.53613,4.81441
Ibuprofen,2,3,0.85316,0.88872,0.69618,0.77387,8.09105
Naproxen,2,3,1.63764,1.92850,0.65052,0.72072,9.50174
Ketoprofen,2,3,1.72538,2.19322,0.63846,0.95209,10.89565
Lidocaine,2,3,1.27187,1.64626,0.12806,1.27068,9.44264
Propranolol,2,3,1.97408,1.35099,0.54575,1.35054,10.69093
Atenolol,2,3,1.65824,1.83473,0.78799,2.15651,11.25365
Imipramine,2,3,1.93090,1.51841,0.02798,1.00055,11.46760
4-Aminobenzoic acid,2,3,1.23023,1.71768,1.06555,0.70062,6.46055
Benzoic acid,2,4,0.93800,0.96133,0.65841,0.56429,4.50793
Ibuprofen,2,4,0.80581,0.84937,0.62723,0.82394,7.51058
Naproxen,2,4,1.59182,1.99398,0.58684,0.73020,9.59390
Ketoprofen,2,4,1.72329,2.23308,0.62289,0.93380,10.91361
Lidocaine,2,4,1.17980,1.57619,0.09644,1.23744,9.33930
Propranolol,2,4,1.92129,1.48587,0.41074,1.36716,10.84770
Atenolol,2,4,1.50190,1.99772,0.62372,2.09707,11.11660
Imipramine,2,4,1.93248,1.45379,-0.00869,1.05747,11.76312
4-Aminobenzoic acid,2,4,1.21507,1.79623,0.94014,0.78829,6.30795
Benzoic acid,3,0,0.77725,0.93050,0.68583,0.50653,4.76261
Ibuprofen,3,0,0.73963,1.22487,0.72883,0.67328,8.34280
Naproxen,3,0,1.63041,1.53054,0.65106,0.80335,9.17768
Ketoprofen,3,0,1.66400,2.30107,0.70066,0.92472,10.73804
Lidocaine,3,0,1.08414,1.63964,0.19437,1.23582,9.82387
Propranolol,3,0,1.81981,1.27155,0.21237,1.39771,10.06959
Atenolol,3,0,1.54532,1.97535,0.76313,2.10725,11.07741
Imipramine,3,0,1.32290,1.48750,-0.01292,1.01531,10.76653
4-Aminobenzoic acid,3,0,1.09735,1.69319,1.07366,0.73163,6.15943
Benzoic acid,3,1,0.75597,0.97729,0.64945,0.49330,5.01008
Ibuprofen,3,1,0.75962,1.09809,0.66311,0.72271,7.47857
Naproxen,3,1,1.51161,1.56660,0.55406,0.83059,8.91018
Ketoprofen,3,1,1.67275,2.38371,0.66459,0.96072,10.72493
Lidocaine,3,1,1.12460,1.68940,0.21930,1.22763,9.99101
Propranolol,3,1,1.69158,1.31909,0.22942,1.42039,9.50408
Atenolol,3,1,1.47486,1.96053,0.69532,2.12314,11.02517
Imipramine,3,1,1.29043,1.50674,-0.01051,1.03071,10.69407
4-Aminobenzoic acid,3,1,1.06880,1.73689,1.05122,0.74076,6.20914
Benzoic acid,3,2,0.86477,0.95871,0.66442,0.51135,4.79852
Ibuprofen,3,2,0.74807,1.12423,0.72437,0.74303,7.97305
Naproxen,3,2,1.61468,1.43924,0.61820,0.79693,9.18257
Ketoprofen,3,2,1.69647,2.19729,0.64602,0.93276,10.60080
Lidocaine,3,2,1.17584,1.73968,0.21996,1.26239,9.90304
Propranolol,3,2,1.78645,1.21612,0.23450,1.51759,10.15853
Atenolol,3,2,1.58312,1.79835,0.68763,2.11421,11.49301
Imipramine,3,2,1.45423,1.35780,0.00954,1.03670,10.60873
4-Aminobenzoic acid,3,2,1.18846,1.58142,0.93368,0.66443,6.01103
Benzoic acid,3,3,0.84881,0.88508,0.63502,0.49049,5.17540
Ibuprofen,3,3,0.86266,1.17106,0.77267,0.73720,8.35529
Naproxen,3,3,1.57753,1.38369,0.56049,0.81788,9.13416
Ketoprofen,3,3,1.67008,2.17424,0.70154,0.96909,11.00388
Lidocaine,3,3,1.22018,1.64691,0.31088,1.27799,9.69709
Propranolol,3,3,1.66862,1.18005,0.30331,1.51495,10.38028
Atenolol,3,3,1.56277,1.75670,0.74712,2.20126,11.50217
Imipramine,3,3,1.34571,1.34386,-0.00536,1.10455,10.80136
4-Aminobenzoic acid,3,3,1.13866,1.55885,0.90028,0.68393,6.55803
Benzoic acid,3,4,0.82177,1.01291,0.78115,0.45036,4.90833
Ibuprofen,3,4,0.74443,1.17791,0.78096,0.70398,7.86402
Naproxen,3,4,1.65772,1.62241,0.66330,0.78717,9.51214
Ketoprofen,3,4,1.69832,2.27782,0.75244,0.91728,11.02887
Lidocaine,3,4,1.05517,1.88090,0.21769,1.21001,10.06159
Propranolol,3,4,1.77579,1.37221,0.27987,1.48022,10.87720
Atenolol,3,4,1.59890,1.95257,0.75861,2.16662,11.58675
Imipramine,3,4,1.43445,1.47972,0.01328,1.05959,11.16653
4-Aminobenzoic acid,3,4,1.11542,1.68562,1.11589,0.64310,6.38578
Benzoic acid,4,0,0.87164,1.03114,0.71942,0.49673,4.95434
Ibuprofen,4,0,0.74174,0.88942,0.62104,0.78787,7.62294
Naproxen,4,0,1.58005,2.07178,0.55469,0.65643,9.53735
Ketoprofen,4,0,1.71651,2.42539,0.57706,0.91788,11.00490
Lidocaine,4,0,1.20484,1.56261,0.08283,1.26995,9.71406
Propranolol,4,0,1.84798,1.46735,0.32822,1.49193,10.81933
Atenolol,4,0,1.56675,2.05265,0.64001,2.10391,11.27202
Imipramine,4,0,1.39847,1.55184,0.03629,1.06422,11.19673
4-Aminobenzoic acid,4,0,1.14450,1.83943,1.02357,0.65821,6.14890
Benzoic acid,4,1,0.77267,0.94012,0.71581,0.44843,4.61940
Ibuprofen,4,1,0.77991,0.82264,0.63125,0.75785,7.63752
Naproxen,4,1,1.57458,2.03954,0.58672,0.65058,9.47217
Ketoprofen,4,1,1.64672,2.24869,0.61175,0.83462,10.97792
Lidocaine,4,1,1.19326,1.59285,0.12324,1.27051,9.54473
Propranolol,4,1,1.82439,1.36511,0.21652,1.44170,10.54000
Atenolol,4,1,1.56355,1.97400,0.65621,2.08892,10.91051
Imipramine,4,1,1.37385,1.57820,0.00656,1.08420,11.34410
4-Aminobenzoic acid,4,1,1.17129,1.84945,1.08062,0.59633,6.32719
Benzoic acid,4,2,0.78683,1.03177,0.71662,0.51288,4.57385
Ibuprofen,4,2,0.67385,0.85270,0.64038,0.78303,7.64275
Naproxen,4,2,1.52049,2.05446,0.59213,0.65311,9.38654
Ketoprofen,4,2,1.63217,2.32998,0.61751,0.91248,10.59680
Lidocaine,4,2,1.13574,1.62784,0.09881,1.26351,9.51952
Propranolol,4,2,1.69850,1.48778,0.18943,1.42763,10.20855
Atenolol,4,2,1.50960,2.05110,0.67915,2.10565,11.28891
Imipramine,4,2,1.29592,1.56369,0.00534,1.07001,10.99032
4-Aminobenzoic acid,4,2,1.11094,1.82510,1.02186,0.65943,6.14687
Benzoic acid,4,3,0.85698,0.92453,0.65062,0.41407,4.61317
Ibuprofen,4,3,0.77055,0.86828,0.64387,0.75704,7.59952
Naproxen,4,3,1.55078,2.07827,0.63396,0.67623,9.36375
Ketoprofen,4,3,1.67491,2.35690,0.61736,0.89488,10.79494
Lidocaine,4,3,1.15581,1.64046,0.11864,1.22880,9.46764
Propranolol,4,3,1.76956,1.31923,0.30461,1.36356,9.90156
Atenolol,4,3,1.50956,1.94187,0.66766,2.05474,10.73273
Imipramine,4,3,1.30538,1.53157,0.04810,1.05417,11.01966
4-Aminobenzoic acid,4,3,1.16388,1.72953,1.02675,0.63455,6.64618
Benzoic acid,4,4,0.86309,0.98556,0.68502,0.51688,5.03904
Ibuprofen,4,4,0.74022,0.79799,0.62326,0.79567,7.34148
Naproxen,4,4,1.60071,2.09181,0.62929,0.68005,9.42653
Ketoprofen,4,4,1.68042,2.37589,0.59397,0.87338,10.78257
Lidocaine,4,4,1.18321,1.62244,0.11217,1.32046,9.44377
Propranolol,4,4,1.75083,1.50331,0.28336,1.48446,10.42436
Atenolol,4,4,1.51247,1.98639,0.67962,2.11407,10.98068
Imipramine,4,4,1.29898,1.53781,0.03255,1.11740,11.17516
4-Aminobenzoic acid,4,4,1.17058,1.76668,1.02383,0.72312,6.46379
