compound,smiles,note
Acetanilide,CC(=O)Nc1ccccc1,
Acetophenone,CC(=O)c1ccccc1,
4-Aminobenzonitrile,Nc1ccc(C#N)cc1,
Anisole,COc1ccccc1,
Benzamide,NC(=O)c1ccccc1,
Benzaldehyde,O=Cc1ccccc1,
Benzene,c1ccccc1,
Benzenesulfonamide,NS(=O)(=O)c1ccccc1,
Benzofuran,c1ccc2occc2c1,
Benzonitrile,N#Cc1ccccc1,
Benzophenone,O=C(c1ccccc1)c1ccccc1,
Benzyl alcohol,OCc1ccccc1,
Benzyl benzoate,O=C(OCc1ccccc1)c1ccccc1,
Biphenyl,c1ccc(-c2ccccc2)cc1,
2-Bromoacetophenone,O=C(CBr)c1ccccc1,alpha-bromo (phenacyl bromide CAS 70-11-1) assumed; ring 2'-isomer has identical formula so V check cannot disambiguate
1-Bromonaphthalene,Brc1cccc2ccccc12,
3-Bromophenol,Oc1cccc(Br)c1,
Butan-2-one,CCC(C)=O,
Butyrophenone,CCCC(=O)c1ccccc1,
Caffeine,Cn1cnc2c1c(=O)n(C)c(=O)n2C,
1-Chloronaphthalene,Clc1cccc2ccccc12,
4-Chlorophenol,Oc1ccc(Cl)cc1,
Cinnamyl alcohol,OC/C=C/c1ccccc1,
Coumarin,O=c1ccc2ccccc2o1,
4-Cyanophenol,Oc1ccc(C#N)cc1,
Cyclohexanone,O=C1CCCCC1,
"1,3-Dibromobenzene",Brc1cccc(Br)c1,
Di-n-butyl phthalate,CCCCOC(=O)c1ccccc1C(=O)OCCCC,
Diethyl phthalate,CCOC(=O)c1ccccc1C(=O)OCC,
"2,6-Dimethylphenol",Cc1cccc(C)c1O,
Diphenyl ether,O(c1ccccc1)c1ccccc1,
Ethylbenzene,CCc1ccccc1,
Fluorene,C1c2ccccc2-c2ccccc21,
Heptan-2-one,CCCCCC(C)=O,
Hexanophenone,CCCCCC(=O)c1ccccc1,
4-Hydroxybenzaldehyde,O=Cc1ccc(O)cc1,
4-Hydroxybenzyl alcohol,OCc1ccc(O)cc1,
Indole,c1ccc2[nH]ccc2c1,
Iodobenzene,Ic1ccccc1,
2-Methoxybenzaldehyde,COc1ccccc1C=O,
2-Methoxynaphthalene,COc1ccc2ccccc2c1,
Methyl benzoate,COC(=O)c1ccccc1,
Methylparaben,COC(=O)c1ccc(O)cc1,
2-Methylphenol,Cc1ccccc1O,
4-Methylphenol,Cc1ccc(O)cc1,
Methyl salicylate,COC(=O)c1ccccc1O,
Naphthalene,c1ccc2ccccc2c1,
2-Naphthaldehyde,O=Cc1ccc2ccccc2c1,
1-Naphthol,Oc1cccc2ccccc12,
2-Naphthol,Oc1ccc2ccccc2c1,
Nicotinamide,NC(=O)c1cccnc1,
2-Nitroaniline,Nc1ccccc1[N+](=O)[O-],
4-Nitroaniline,Nc1ccc([N+](=O)[O-])cc1,
Nitrobenzene,O=[N+]([O-])c1ccccc1,
4-Nitrobenzyl alcohol,OCc1ccc([N+](=O)[O-])cc1,
1-Nitrohexane,CCCCCC[N+](=O)[O-],
4-Nitrotoluene,Cc1ccc([N+](=O)[O-])cc1,
2-Nitrophenol,Oc1ccccc1[N+](=O)[O-],
3-Nitrophenol,Oc1cccc([N+](=O)[O-])c1,
4-Nitrophenol,Oc1ccc([N+](=O)[O-])cc1,
Octanophenone,CCCCCCCC(=O)c1ccccc1,
Phenanthrene,c1ccc2ccc3ccccc3c2c1,
Phenol,Oc1ccccc1,
Pentafluorophenol,Oc1c(F)c(F)c(F)c(F)c1F,
Phenyl acetate,CC(=O)Oc1ccccc1,
2-Phenylethanol,OCCc1ccccc1,
4-Phenylphenol,Oc1ccc(-c2ccccc2)cc1,
1-Phenyl-2-propanol,CC(O)Cc1ccccc1,
Phthalimide,O=C1NC(=O)c2ccccc21,
Progesterone,CC(=O)[C@H]1CC[C@H]2[C@@H]3CCC4=CC(=O)CC[C@]4(C)[C@H]3CC[C@]12C,
Propriophenone,CCC(=O)c1ccccc1,source spelling; propiophenone
Propylbenzene,CCCc1ccccc1,
o-Tolualdehyde,Cc1ccccc1C=O,
Toluene,Cc1ccccc1,
"1,2,3-Trimethylbenzene",Cc1cccc(C)c1C,
Valerophenone,CCCCC(=O)c1ccccc1,
Vanillin,COc1cc(C=O)ccc1O,
m-Xylene,Cc1cccc(C)c1,
p-Xylene,Cc1ccc(C)cc1,
2-Aminobiphenyl,Nc1ccccc1-c1ccccc1,source row name carries merged Table S-2 section header
Aniline,Nc1ccccc1,
4-Chloroaniline,Nc1ccc(Cl)cc1,
"3,4-Dichloroaniline",Nc1ccc(Cl)c(Cl)c1,
"N, N-Diethylaniline",CCN(CC)c1ccccc1,
"N, N-Dimethylaniline",CN(C)c1ccccc1,
Diphenylamine,c1ccc(Nc2ccccc2)cc1,
N-Ethylaniline,CCNc1ccccc1,
4-Fluoroaniline,Nc1ccc(F)cc1,
8-Hydroxyquinoline,Oc1cccc2cccnc12,
2-Methylaniline,Cc1ccccc1N,
3-Methylaniline,Cc1cccc(N)c1,
4-Methylaniline,Cc1ccc(N)cc1,
Pyridine,c1ccncc1,
Quinoline,c1ccc2ncccc2c1,
